"","location","max_T","min_T","diff_max_T","diff_min_T","Precip_A","Precip_P","Probability","Quality"
"1","AYPY",82,75,3.39762787764603,0.13394815028235,"None","None",0.95,0.442857142857143
"2","BIKF",56,45,0.374856726136279,2.09765777113068,"None","None",0.596,0.9
"3","BKPR",NA,NA,NA,NA,NA,NA,NA,NA
"4","CYEG",84,61,-11.1312371311182,-12.4934540868904,"None","None",0.486,0.9
"5","CYHZ",NA,NA,NA,NA,NA,NA,NA,NA
"6","CYOW",87,59,-5.55288268367408,1.37424376846514,"None","None",0.532,0.85
"7","CYQB",NA,NA,NA,NA,NA,NA,NA,NA
"8","CYUL",83,64,-3.20245086101195,-1.0625640502682,"None","None",0.63,0.85
"9","CYVR",NA,NA,NA,NA,NA,NA,NA,NA
"10","CYWG",82,68,-5.02356894714907,-13.5556372529091,"Thunderstorm","None",0.656,0.85
"11","CYXU",80,53,0.755626990613621,7.38367530718044,"Fog","None",0.77,0.9
"12","CYYC",84,59,-10.7808133601219,-5.76718280165517,"Thunderstorm","Rain",0.51,0.95
"13","CYYJ",66,56,7.74569174904025,-3.07028042747454,"Rain","None",0.802,0.95
"14","CYYT",51,44,21.9044695274253,9.63121644253167,"Fog-Rain","None",0.878,0.8
"15","CYYZ",84,59,-2.59085800805285,5.66072744735131,"None","Rain",0.502,0.9
"16","DAAG",90,63,0.354336765012476,5.6612678598336,"None","None",0.632,0.75
"17","DGAA",NA,NA,NA,NA,NA,NA,NA,NA
"18","DNAA",NA,NA,NA,NA,NA,NA,NA,NA
"19","DNMM",87,72,-3.54376933369308,0.997094452597707,"None","None",0.5,0.7
"20","DTTA",88,72,5.78935693179456,1.45116215888814,"None","None",0.57,0.85
"21","EBBR",NA,NA,NA,NA,NA,NA,NA,NA
"22","EBCI",82,59,-10.9892857501342,-2.98239490052899,"None","None",0.71,0.95
"23","EBLG",86,60,-13.8272593940027,-3.2092629970618,"None","None",0.478,0.9
"24","EDDB",72,47,5.52020367444828,11.7727887060105,"Fog","None",0.694,0.75
"25","EDDC",NA,NA,NA,NA,NA,NA,NA,NA
"26","EDDF",NA,NA,NA,NA,NA,NA,NA,NA
"27","EDDG",83,54,-8.69467057897408,2.09675951935174,"None","None",0.526,0.9
"28","EDDH",NA,NA,NA,NA,NA,NA,NA,NA
"29","EDDK",86,50,-10.9432581472362,6.97348296251441,"None","None",0.444,0.9
"30","EDDL",NA,NA,NA,NA,NA,NA,NA,NA
"31","EDDM",84,46,-8.30898071195267,10.1606586334378,"Rain-Thunderstorm","None",0.468,0.9
"32","EDDN",NA,NA,NA,NA,NA,NA,NA,NA
"33","EDDP",76,50,-0.953295220604105,7.11238049584399,"None","None",0.596,0.55
"34","EDDS",87,51,-11.4464116930753,5.95819639588169,"None","None",0.468,0.9
"35","EDDT",70,48,7.51527356229536,12.1221130981685,"None","None",0.476,0.8
"36","EDDV",79,49,-4.49653953336384,7.77679237793595,"Fog","None",0.384,0.95
"37","EDDW",79,50,-4.33654772972338,6.58546983254366,"Fog-Rain","None",0.412,0.9
"38","EDLW",NA,NA,NA,NA,NA,NA,NA,NA
"39","EDSB",NA,NA,NA,NA,NA,NA,NA,NA
"40","EETN",NA,NA,NA,NA,NA,NA,NA,NA
"41","EFHK",70,55,5.81052368526224,1.85135919523653,"Rain","None",0.768,0.9
"42","EGAA",63,52,3.04496110778614,-2.12903318938766,"Rain","None",0.52,0.95
"43","EGAC",64,53,1.09573564789652,0.434929453576515,"Rain","None",0.71,0.85
"44","EGBB",71,59,-0.801204047125722,-6.30855803358386,"Rain","None",0.708,0.9
"45","EGCC",NA,NA,NA,NA,NA,NA,NA,NA
"46","EGCN",73,57,4.15051505866757,-0.426122790320377,"Rain","None",0.848,0.2
"47","EGFF",NA,NA,NA,NA,NA,NA,NA,NA
"48","EGGD",NA,NA,NA,NA,NA,NA,NA,NA
"49","EGGP",66,59,2.13452574420413,-3.81481807136178,"Rain","None",0.61,0.9
"50","EGGW",75,57,-3.81473139366187,-4.11790990147853,"Rain","None",0.742,0.9
"51","EGHH",73,50,-2.24262231048368,1.47624787149208,"Fog","None",0.364,0.9
"52","EGHI",71,50,-3.91510198084617,2.90161763447081,"None","None",0.49,0.85
"53","EGKK",75,51,-2.90228522029825,3.86527691634262,"None","None",1,0.8
"54","EGLC",78,62,-6.756721521746,-4.40375686759529,"Rain","None",0.92,0.95
"55","EGLL",NA,NA,NA,NA,NA,NA,NA,NA
"56","EGNM",NA,NA,NA,NA,NA,NA,NA,NA
"57","EGNT",68,57,-1.75826694800259,-6.51080937878636,"Rain","None",0.516,0.9
"58","EGNX",71,59,-1.51341162254792,-5.87584412604387,"Rain","None",0.604,0.9
"59","EGPD",NA,NA,NA,NA,NA,NA,NA,NA
"60","EGPF",NA,NA,NA,NA,NA,NA,NA,NA
"61","EGPH",66,57,-2.05338559903743,-8.93419604287988,"Rain","None",0.498,0.85
"62","EGSH",77,57,-8.90358321098643,-1.69521666548043,"None","None",0.576,0.85
"63","EGSS",NA,NA,NA,NA,NA,NA,NA,NA
"64","EGTE",NA,NA,NA,NA,NA,NA,NA,NA
"65","EGUL",77,54,-4.94877002376361,-0.837585236698523,"Rain","Rain",0.608,0.592857142857143
"66","EGUN",77,54,-3.77840646712161,-0.35187723590775,"Rain","None",0.496,0.657142857142857
"67","EGVA",NA,NA,NA,NA,NA,NA,NA,NA
"68","EGVN",NA,NA,NA,NA,NA,NA,NA,NA
"69","EHAM",81,57,-9.91584580768161,-0.206983178174895,"None","None",0.626,0.9
"70","EHBK",86,56,-11.2161572135489,0.452673660442173,"None","None",0.582,0.75
"71","EHEH",87,59,-13.3985149293963,-3.15542547026296,"None","None",0.594,0.95
"72","EICK",NA,NA,NA,NA,NA,NA,NA,NA
"73","EIDW",NA,NA,NA,NA,NA,NA,NA,NA
"74","EINN",62,54,4.73453830476335,-0.69185531682772,"Rain","Rain",0.64,0.85
"75","EKBI",NA,NA,NA,NA,NA,NA,NA,NA
"76","EKCH",69,44,4.07823556989094,15.450250022416,"Rain","Rain",0.596,0.9
"77","EKYT",66,49,6.20801753581863,8.83637749814562,"None","None",0.768,0.95
"78","ELLX",NA,NA,NA,NA,NA,NA,NA,NA
"79","ENBO",55,49,7.36097620925469,2.98343188784062,"None","None",0.528,0.95
"80","ENBR",NA,NA,NA,NA,NA,NA,NA,NA
"81","ENGM",71,44,-1.71613088092442,10.491789677281,"None","None",0.638,0.85
"82","ENTC",50,46,10.1501218486759,2.32440903607246,"None","Rain",0.478,0.9
"83","ENVA",NA,NA,NA,NA,NA,NA,NA,NA
"84","ENZV",NA,NA,NA,NA,NA,NA,NA,NA
"85","EPGD",NA,NA,NA,NA,NA,NA,NA,NA
"86","EPKK",NA,NA,NA,NA,NA,NA,NA,NA
"87","EPKT",72,46,6.03405136224197,8.61471152553114,"None","None",0.544,0.714285714285714
"88","EPMO",NA,NA,NA,NA,NA,NA,NA,NA
"89","EPPO",72,46,8.09282909215932,14.1284952060593,"None","None",0.688,0.8
"90","EPWA",65,53,13.5943323178171,6.38011234092117,"None","None",0.548,0.9
"91","EPWR",NA,NA,NA,NA,NA,NA,NA,NA
"92","ESGG",69,48,0.089385270108437,6.80603641109879,"Fog","None",0.568,0.85
"93","ESMS",68,45,4.19500701412258,10.8572261578747,"None","None",0.564,0.85
"94","ESPA",62,51,7.04979134910914,4.13823888547586,"None","None",0.5,0.7
"95","ESSA",71,53,3.2969029809877,2.5812377227294,"Rain","None",0.576,0.9
"96","ETAR",89,46,-13.4902416248529,7.14507096360932,"None","Rain",0.998,0.607142857142857
"97","EVRA",NA,NA,NA,NA,NA,NA,NA,NA
"98","EYVI",NA,NA,NA,NA,NA,NA,NA,NA
"99","FACT",59,51,4.25419971173716,-6.13785214924113,"Rain","None",0.596,0.95
"100","FAGG",NA,NA,NA,NA,NA,NA,NA,NA
"101","FAJS",66,44,-6.83894334148896,-5.60964853278173,"None","None",0.8,0.8
"102","FALE",84,60,-7.44381635794824,-0.890797544700206,"None","Rain",0.524,0.15
"103","GCLP",82,70,-1.36801866608644,-0.211958228313861,"None","None",0.71,0.9
"104","GCTS",NA,NA,NA,NA,NA,NA,NA,NA
"105","GCXO",NA,NA,NA,NA,NA,NA,NA,NA
"106","GMMN",89,66,-3.3293382916923,-0.591856280362009,"None","Fog",0.586,0.85
"107","GOOY",87,78,-1.18771872435899,-0.513855086200607,"Thunderstorm","None",0.498,0.8
"108","HAAB",74,57,-2.91666969447141,-3.85111788703337,"Thunderstorm","None",0.5,0.5
"109","HECA",NA,NA,NA,NA,NA,NA,NA,NA
"110","HEGN",NA,NA,NA,NA,NA,NA,NA,NA
"111","HKJK",77,52,-2.06745280117826,-1.39096942002194,"None","None",0.568,0.592857142857143
"112","HKMO",84,71,-0.764184661643853,1.63123055881501,"None","None",0.508,0.792857142857143
"113","HLLT",NA,NA,NA,NA,NA,NA,NA,NA
"114","HSSS",105,87,-1.8105430628186,-8.17676943968932,"None","None",0.904,0.728571428571429
"115","KABQ",NA,NA,NA,NA,NA,NA,NA,NA
"116","KADW",82,68,4.05529825222823,1.53578842941388,"Rain","Rain",0.522,0.95
"117","KAFW",93,75,6.0956242242062,1.3035065512213,"None","Rain",0.74,0.95
"118","KAGS",99,69,-5.14474991383403,1.5113195056845,"None","None",0.392,0.95
"119","KAMA",87,66,7.93706467642637,2.14407852037692,"None","TStorm",0.426,0.9
"120","KATL",NA,NA,NA,NA,NA,NA,NA,NA
"121","KAUS",NA,NA,NA,NA,NA,NA,NA,NA
"122","KAVL",NA,NA,NA,NA,NA,NA,NA,NA
"123","KBAB",87,57,8.21689460650202,4.65275868641929,"None","Rain",0.556,0.878571428571429
"124","KBAD",93,74,1.22896050576493,0.750665248827332,"None","Rain",0.53,0.9
"125","KBDL",NA,NA,NA,NA,NA,NA,NA,NA
"126","KBFI",73,64,5.99452708003986,-5.13977662765174,"None","None",0.576,0.85
"127","KBGR",86,55,-3.84931109088144,4.63987990455071,"None","None",0.646,0.9
"128","KBHM",95,72,-3.22954474820091,1.88159137091046,"None","None",0.726,0.95
"129","KBIL",90,59,0.625185298546739,2.08329225614156,"Rain-Thunderstorm","None",0.608,0.85
"130","KBLV",92,68,-2.96420957313613,1.04355503550312,"None","Rain",0.984,0.95
"131","KBMI",NA,NA,NA,NA,NA,NA,NA,NA
"132","KBNA",NA,NA,NA,NA,NA,NA,NA,NA
"133","KBOI",86,63,9.62022718870146,2.22797802539067,"Rain-Thunderstorm","None",0.746,0.8
"134","KBOS",83,68,-0.855688520845106,-1.12177803273624,"None","None",0.68,0.9
"135","KBTR",NA,NA,NA,NA,NA,NA,NA,NA
"136","KBUF",80,58,3.42935997126955,8.35230332933236,"None","None",0.698,0.85
"137","KBWI",NA,NA,NA,NA,NA,NA,NA,NA
"138","KCAE",NA,NA,NA,NA,NA,NA,NA,NA
"139","KCBM",94,71,-2.98769002044617,1.32777095515279,"None","None",0.528,0.828571428571429
"140","KCHA",92,73,-1.8753970595981,-0.993748860020972,"Rain-Thunderstorm","Rain",0.398,0.8
"141","KCHS",NA,NA,NA,NA,NA,NA,NA,NA
"142","KCID",80,64,2.78952496077194,-1.11949641200584,"Rain","None",0.776,0.95
"143","KCLE",NA,NA,NA,NA,NA,NA,NA,NA
"144","KCLT",96,67,-6.28354787970939,3.30203691240686,"None","Rain",0.424,0.9
"145","KCMH",82,60,4.34453952002865,7.60583689679342,"None","None",0.72,0.95
"146","KCOS",NA,NA,NA,NA,NA,NA,NA,NA
"147","KCPR",NA,NA,NA,NA,NA,NA,NA,NA
"148","KCRP",NA,NA,NA,NA,NA,NA,NA,NA
"149","KCRW",82,66,5.58921892267449,1.13603380254236,"Rain","None",0.636,0.9
"150","KCVG",83,61,3.73699684932515,6.29556166042715,"Fog","None",0.652,0.8
"151","KCVS",87,65,3.57298189350671,0.972383627044266,"Rain-Thunderstorm","Rain",1,0.914285714285714
"152","KDAL",NA,NA,NA,NA,NA,NA,NA,NA
"153","KDAY",81,63,6.2149646411134,4.09153518126161,"None","None",0.594,0.8
"154","KDBQ",75,62,6.8297817876191,0.00664700012943342,"Rain","None",0.538,0.95
"155","KDCA",88,75,1.79242930583428,-1.25113049401961,"Rain","None",0.724,0.8
"156","KDEN",NA,NA,NA,NA,NA,NA,NA,NA
"157","KDFW",NA,NA,NA,NA,NA,NA,NA,NA
"158","KDLF",93,72,1.56808069321519,2.45768340516135,"None","Rain",0.732,0.892857142857143
"159","KDLH",82,67,-4.90593069787201,-9.89712631955162,"None","Rain",0.646,0.85
"160","KDOV",85,71,0.8748583887715,-0.662738584312407,"Rain","Rain",0.704,0.95
"161","KDSM",86,70,0.908453614507451,-2.20353595230661,"Rain-Thunderstorm","None",0.552,0.85
"162","KDTW",83,60,3.13135738360489,6.95265270505338,"None","None",0.664,0.8
"163","KDYS",91,69,7.41701692676277,4.79618587597344,"None","Rain",0.666,0.807142857142857
"164","KEDW",91,60,9.05998502571057,9.59948635500707,"None","None",0.586,0.892857142857143
"165","KEND",91,72,5.51629672751194,0.468944082027747,"None","Rain",1,0.907142857142857
"166","KERI",NA,NA,NA,NA,NA,NA,NA,NA
"167","KEWR",NA,NA,NA,NA,NA,NA,NA,NA
"168","KFFO",NA,NA,NA,NA,NA,NA,NA,NA
"169","KFLL",91,81,-2.57766630339025,-4.38231044450991,"None","Rain",0.486,0.75
"170","KFSM",NA,NA,NA,NA,NA,NA,NA,NA
"171","KFTW",NA,NA,NA,NA,NA,NA,NA,NA
"172","KFWA",NA,NA,NA,NA,NA,NA,NA,NA
"173","KGEG",NA,NA,NA,NA,NA,NA,NA,NA
"174","KGPT",93,75,-1.42841506149156,0.7639833155378,"None","None",0.548,0.95
"175","KGRB",NA,NA,NA,NA,NA,NA,NA,NA
"176","KGSB",96,73,-6.19620300832011,-1.28436931121469,"None","Rain",0.876,0.95
"177","KGSO",91,72,-1.85541046891036,-0.782989380796693,"None","None",0.492,0.95
"178","KGSP",96,71,-6.13509152782979,-0.263472163630396,"Rain","None",0.648,0.95
"179","KGUS",80,57,5.32398775224777,8.59523344709048,"Fog-Rain","Rain",0.948,0.842857142857143
"180","KHIB",82,53,-4.25437268827464,-3.38737097613991,"None","None",0.546,0.95
"181","KHMN",91,63,3.96633956672414,8.08895829479468,"Rain","Rain",0.626,0.807142857142857
"182","KHOU",93,75,0.384606158817704,0.663328633766653,"None","Rain",0.506,0.9
"183","KHSV",97,75,-5.34757592460461,-3.11853834497987,"None","None",0.662,0.95
"184","KHTS",77,65,9.79219476638642,1.42548398257817,"Rain","None",0.774,0.95
"185","KIAD",84,64,5.06231491974602,5.36943057620859,"Rain","None",0.816,0.85
"186","KIAH",93,75,-0.239032350205605,1.32302854531977,"None","Rain",0.648,0.95
"187","KICT",91,74,3.54594708448299,-2.64937082027021,"None","None",0.664,0.8
"188","KIND",NA,NA,NA,NA,NA,NA,NA,NA
"189","KJAN",94,76,-2.08533765922799,-2.80075386238346,"Rain-Thunderstorm","Rain",0.52,0.85
"190","KJAX",NA,NA,NA,NA,NA,NA,NA,NA
"191","KJFK",NA,NA,NA,NA,NA,NA,NA,NA
"192","KJLN",NA,NA,NA,NA,NA,NA,NA,NA
"193","KLAS",NA,NA,NA,NA,NA,NA,NA,NA
"194","KLAX",73,62,0.843081022717783,1.94526163178273,"None","Fog",0.364,0.95
"195","KLBB",88,70,6.79210969168858,-0.121292778953503,"Rain","None",0.472,0.95
"196","KLCK",80,62,6.53178295010768,5.41776718304575,"None","None",0.584,0.85
"197","KLEX",82,66,5.72592126268937,1.40879868444443,"None","Rain",0.5,0.85
"198","KLFI",82,71,4.60476253458883,2.29192711862468,"Fog-Rain-Thunderstorm","Rain",1,0.892857142857143
"199","KLFT",95,75,-3.43101954937465,-0.0925189495802812,"Thunderstorm","None",0.38,0.95
"200","KLGA",86,72,0.564525212472802,0.640889902029045,"None","Rain",0.882,0.95
"201","KLIT",93,76,-0.208105595908577,-2.45590843295408,"None","None",0.498,0.9
"202","KLTS",95,71,3.09939447449854,1.45080970585923,"None","Rain",0.992,0.857142857142857
"203","KLUF",102,84,2.91329000326266,-0.12774256496931,"Rain","Rain",0.684,0.928571428571429
"204","KMBS",84,62,-1.90027852683285,0.695746444018077,"None","None",0.51,0.95
"205","KMCF",95,77,-4.31328318315312,-2.03940232194704,"Rain-Thunderstorm","Rain",0.658,0.9
"206","KMCI",NA,NA,NA,NA,NA,NA,NA,NA
"207","KMCO",97,74,-5.42009175220545,-0.111139805132908,"Rain-Thunderstorm","Rain",0.39,0.9
"208","KMDW",81,65,3.80758477831712,3.83371561915214,"Rain","None",0.842,0.9
"209","KMEM",NA,NA,NA,NA,NA,NA,NA,NA
"210","KMGE",93,73,-4.59837199299207,-1.83305276591227,"None","None",0.64,0.9
"211","KMGM",94,76,-0.122696758374701,-2.67026846879912,"Rain-Thunderstorm","None",0.662,0.85
"212","KMHT",89,63,-4.66852808955407,2.95141236119176,"None","None",0.602,0.9
"213","KMIA",NA,NA,NA,NA,NA,NA,NA,NA
"214","KMKE",78,63,3.0960611380349,1.51082779408769,"None","None",0.766,0.85
"215","KMLI",NA,NA,NA,NA,NA,NA,NA,NA
"216","KMLU",93,75,0.874041511099108,-0.723820133590863,"None","Rain",0.426,0.8
"217","KMOB",NA,NA,NA,NA,NA,NA,NA,NA
"218","KMSN",NA,NA,NA,NA,NA,NA,NA,NA
"219","KMSP",82,67,3.04800718606739,-0.736512221039163,"None","None",0.762,0.95
"220","KMSY",93,75,-2.29194557240766,0.68855430995805,"Thunderstorm","Rain",0.878,0.85
"221","KMUO",NA,NA,NA,NA,NA,NA,NA,NA
"222","KOAK",74,61,-2.62852764141694,-5.21848329690133,"None","None",0.562,0.9
"223","KOKC",NA,NA,NA,NA,NA,NA,NA,NA
"224","KONT",NA,NA,NA,NA,NA,NA,NA,NA
"225","KORD",NA,NA,NA,NA,NA,NA,NA,NA
"226","KORF",85,73,3.49136794267065,0.61793666224429,"Fog-Rain","None",0.696,0.95
"227","KPAM",91,75,-4.31743323421695,0.25494098381472,"None","Rain",0.816,0.885714285714286
"228","KPBI",92,76,-2.22789688687791,0.42128813705024,"None","Rain",0.514,0.95
"229","KPDX",73,65,9.79432964620364,-6.60006360123425,"None","None",0.68,0.8
"230","KPHF",82,71,7.7301949862304,2.34266790448132,"Rain-Thunderstorm","Rain",0.828,0.8
"231","KPHL",NA,NA,NA,NA,NA,NA,NA,NA
"232","KPHX",106,85,1.37854136245382,1.44306761460278,"None","Rain",0.604,0.9
"233","KPIA",NA,NA,NA,NA,NA,NA,NA,NA
"234","KPIT",83,63,0.633573748465196,2.29133018696265,"Fog","None",0.626,0.9
"235","KPWM",NA,NA,NA,NA,NA,NA,NA,NA
"236","KRDU",91,72,1.88144192244036,0.104113000506786,"None","None",0.518,0.9
"237","KRFD",75,61,9.29590669891672,2.73425294387523,"Rain","None",0.722,0.9
"238","KRIC",NA,NA,NA,NA,NA,NA,NA,NA
"239","KRND",NA,NA,NA,NA,NA,NA,NA,NA
"240","KRNO",83,56,13.0227533577415,7.53695615976845,"None","None",0.546,0.95
"241","KROA",85,70,1.95356299800683,-0.852137217504648,"Rain","Rain",0.616,0.9
"242","KROC",NA,NA,NA,NA,NA,NA,NA,NA
"243","KRST",NA,NA,NA,NA,NA,NA,NA,NA
"244","KRSW",NA,NA,NA,NA,NA,NA,NA,NA
"245","KSAN",NA,NA,NA,NA,NA,NA,NA,NA
"246","KSAT",92,74,4.0719939353617,2.54310344880187,"None","Rain",0.55,0.75
"247","KSAV",NA,NA,NA,NA,NA,NA,NA,NA
"248","KSBN",79,57,5.17856717458403,8.39612526976761,"None","None",0.776,0.85
"249","KSDF",87,67,3.25401429643482,4.35746425651575,"None","Rain",0.472,0.9
"250","KSEA",72,62,7.0697098790247,-5.56504378170649,"None","None",0.79,0.85
"251","KSFB",96,75,-4.15733757929658,-0.194723352234774,"Thunderstorm","Rain",0.502,0.9
"252","KSFO",73,60,-1.73746283992315,-4.17744835438943,"None","None",0.7,0.95
"253","KSGF",NA,NA,NA,NA,NA,NA,NA,NA
"254","KSHV",NA,NA,NA,NA,NA,NA,NA,NA
"255","KSJC",75,58,5.17383342240721,-0.491757681474262,"None","None",0.532,0.8
"256","KSKA",74,62,10.0292807699718,-5.84972511406456,"Rain","Rain",1,0.892857142857143
"257","KSLC",NA,NA,NA,NA,NA,NA,NA,NA
"258","KSMF",87,60,5.34358716951512,-1.55787668239533,"None","None",0.588,0.9
"259","KSNA",76,63,4.28582446395889,3.40087264358263,"None","None",0.7,0.9
"260","KSPI",NA,NA,NA,NA,NA,NA,NA,NA
"261","KSPS",NA,NA,NA,NA,NA,NA,NA,NA
"262","KSRQ",97,74,-7.16708847081988,1.12687293416937,"Rain-Thunderstorm","Rain",0.564,0.8
"263","KSSC",99,75,-6.84918235046372,-2.52260961980072,"Rain-Thunderstorm","Rain",0.634,0.9
"264","KSTL",94,73,-2.515613042841,-0.425337531258805,"None","None",0.678,0.95
"265","KSUS",NA,NA,NA,NA,NA,NA,NA,NA
"266","KSUU",82,58,6.8402766058641,-1.3534452219902,"None","Rain",0.626,0.9
"267","KSUX",NA,NA,NA,NA,NA,NA,NA,NA
"268","KSYR",82,57,2.77771663067776,7.78833087886466,"None","None",0.706,0.9
"269","KSZL",89,72,-0.599958592630955,-3.93866659652109,"None","None",0.52,0.85
"270","KTCM",72,62,6.15692160389777,-9.68028371222917,"Rain","Rain",0.444,0.95
"271","KTIK",89,73,6.93721033859484,0.0803765495826525,"None","None",0.5,0.95
"272","KTLH",98,76,-6.01470709201639,-3.26986924186765,"Fog","Rain",0.438,0.9
"273","KTOL",79,56,6.50388229393738,7.84335565651554,"None","Rain",0.584,0.95
"274","KTPA",97,79,-6.86844325081999,-2.39141943112976,"Rain-Thunderstorm","None",0.57,0.85
"275","KTRI",NA,NA,NA,NA,NA,NA,NA,NA
"276","KTUL",93,75,4.1705276315311,-0.814699455498854,"None","None",0.594,0.95
"277","KTUS",101,78,-0.521308867126635,0.108448921454666,"None","None",0.392,0.9
"278","KTYS",88,72,0.777491994113959,-2.24011664810888,"Rain-Thunderstorm","None",0.43,0.9
"279","KVBG",NA,NA,NA,NA,NA,NA,NA,NA
"280","KVPS",94,74,-6.33956409675407,-0.36157262550141,"Rain-Thunderstorm","None",0.496,0.85
"281","KWRB",98,71,-6.30191676770377,1.15062683659654,"None","Rain",0.672,0.9
"282","LATI",NA,NA,NA,NA,NA,NA,NA,NA
"283","LBBG",81,64,1.53912442841617,1.0417817430861,"None","None",0.562,0.85
"284","LBPD",NA,NA,NA,NA,NA,NA,NA,NA
"285","LBSF",NA,NA,NA,NA,NA,NA,NA,NA
"286","LBWN",NA,NA,NA,NA,NA,NA,NA,NA
"287","LCLK",NA,NA,NA,NA,NA,NA,NA,NA
"288","LCPH",84,69,2.93016222923225,1.26294123705733,"None","None",0.588,0.95
"289","LDZA",NA,NA,NA,NA,NA,NA,NA,NA
"290","LEAL",NA,NA,NA,NA,NA,NA,NA,NA
"291","LEBL",82,74,-1.06500920893269,-3.07331585019601,"None","None",0.584,0.9
"292","LEMD",99,66,-6.71163051148302,-3.4149695878606,"None","None",0.602,0.95
"293","LEMG",95,74,-6.73927146292417,-4.06677506738031,"None","None",0.726,0.9
"294","LEPA",NA,NA,NA,NA,NA,NA,NA,NA
"295","LEST",NA,NA,NA,NA,NA,NA,NA,NA
"296","LFBD",81,64,-0.673347442464561,-2.47991567810178,"Rain","None",0.654,0.95
"297","LFBO",80,67,2.49942484162595,-3.57373128044138,"Rain","Rain",0.632,0.9
"298","LFML",90,67,-3.52638220316817,0.875907832335514,"None","None",0.55,0.9
"299","LFMN",83,73,-1.77103257152571,-2.3852977823413,"None","Rain",0.412,0.9
"300","LFOA",NA,NA,NA,NA,NA,NA,NA,NA
"301","LFPG",81,59,-9.32882786567291,-0.490708634170282,"None","None",0.764,0.85
"302","LFPO",82,55,-7.94085335570506,2.69949783285023,"None","None",0.514,0.95
"303","LFSB",NA,NA,NA,NA,NA,NA,NA,NA
"304","LGAV",NA,NA,NA,NA,NA,NA,NA,NA
"305","LGIR",NA,NA,NA,NA,NA,NA,NA,NA
"306","LGTS",NA,NA,NA,NA,NA,NA,NA,NA
"307","LHBP",80,48,4.86502167767951,12.9206529688224,"None","None",0.494,0.95
"308","LIBD",89,69,-1.74176460457451,0.859143765146371,"None","Rain",0.522,0.85
"309","LICC",84,73,4.04813009586826,-6.77581109856504,"None","TStorm",0.376,0.9
"310","LICJ",NA,NA,NA,NA,NA,NA,NA,NA
"311","LIEE",NA,NA,NA,NA,NA,NA,NA,NA
"312","LIMC",NA,NA,NA,NA,NA,NA,NA,NA
"313","LIME",NA,NA,NA,NA,NA,NA,NA,NA
"314","LIMF",88,63,-5.7140688354056,1.05449125302428,"None","None",0.458,0.9
"315","LIMJ",86,77,-4.85501290586531,-5.4013869440669,"None","None",0.48,0.95
"316","LIML",88,66,-1.91524102190193,2.01477986698625,"None","None",0.482,0.9
"317","LIMZ",87,64,-5.14863324526971,-1.66970500333861,"None","None",0.472,0.6
"318","LIPE",91,64,-1.45838164303751,2.90878785362437,"None","None",0.602,0.9
"319","LIPH",NA,NA,NA,NA,NA,NA,NA,NA
"320","LIPX",89,62,-1.44446873077592,6.08354376059282,"None","None",0.498,0.9
"321","LIPZ",NA,NA,NA,NA,NA,NA,NA,NA
"322","LIRA",91,71,-3.27038880477325,-2.83238131574329,"None","Rain",0.642,0.95
"323","LIRF",NA,NA,NA,NA,NA,NA,NA,NA
"324","LIRN",NA,NA,NA,NA,NA,NA,NA,NA
"325","LIRP",NA,NA,NA,NA,NA,NA,NA,NA
"326","LJLJ",84,53,-4.00308702081882,4.13163928548731,"Rain-Thunderstorm","None",0.4,0.8
"327","LKPR",77,44,-0.104947892505692,11.2346944080065,"None","None",0.614,0.9
"328","LLBG",NA,NA,NA,NA,NA,NA,NA,NA
"329","LLOV",NA,NA,NA,NA,NA,NA,NA,NA
"330","LMML",84,73,6.49796634667486,-0.293657214043066,"None","None",0.754,0.9
"331","LOWW",79,49,1.85113348916462,11.4396011367277,"None","None",0.564,0.9
"332","LPFR",96,67,-9.83054907402909,0.486373490544068,"None","None",0.62,0.85
"333","LPLA",NA,NA,NA,NA,NA,NA,NA,NA
"334","LPPD",NA,NA,NA,NA,NA,NA,NA,NA
"335","LPPR",71,53,2.07671761929373,5.25850040089009,"None","None",0.894,0.85
"336","LPPT",80,62,-1.20595156842305,0.820847710625614,"None","None",0.888,0.85
"337","LQSA",82,50,-0.284668327218498,5.73010944473288,"None","Rain",0.506,0.7
"338","LROP",80,59,6.43786321227714,4.53528592662838,"None","None",0.582,0.9
"339","LSGG",93,60,-13.9154942701407,-1.08608116644065,"None","None",0.482,0.95
"340","LSZH",NA,NA,NA,NA,NA,NA,NA,NA
"341","LTAC",83,59,3.04512512353421,0.568165741199948,"None","None",0.668,0.95
"342","LTAF",NA,NA,NA,NA,NA,NA,NA,NA
"343","LTAI",NA,NA,NA,NA,NA,NA,NA,NA
"344","LTAJ",NA,NA,NA,NA,NA,NA,NA,NA
"345","LTAZ",NA,NA,NA,NA,NA,NA,NA,NA
"346","LTBA",82,72,4.36046854054968,-0.335420595812636,"None","Rain",0.4,0.95
"347","LTBJ",NA,NA,NA,NA,NA,NA,NA,NA
"348","LTBS",NA,NA,NA,NA,NA,NA,NA,NA
"349","LTCE",84,48,-0.320647784292319,3.07993784624673,"None","None",0.78,0.95
"350","LTCG",82,72,-2.15860705628309,-0.983955233455788,"None","None",0.53,0.757142857142857
"351","LTFC",NA,NA,NA,NA,NA,NA,NA,NA
"352","LTFE",NA,NA,NA,NA,NA,NA,NA,NA
"353","LTFJ",NA,NA,NA,NA,NA,NA,NA,NA
"354","LYBE",81,54,6.68331475603225,10.2240051200063,"None","None",0.694,0.9
"355","LYPG",91,71,0.080464397126093,-0.592271708747376,"None",NA,0.532,0.85
"356","LZIB",80,53,3.90407395067919,9.94468669039633,"None","None",0.446,0.8
"357","MDPC",86,77,2.04679303165865,0.161279944838725,"Rain-Thunderstorm","Rain",0.484,0.8
"358","MDSD",89,72,-0.574461077122038,0.445366119271071,"Thunderstorm","TStorm",0.644,0.8
"359","MKJP",90,77,-0.961339010216619,1.07119124775082,"Rain-Thunderstorm","TStorm",0.478,0.9
"360","MMAA",93,76,-2.72202463896753,0.220614122380567,"Rain","Rain",0.804,0.95
"361","MMGL",NA,NA,NA,NA,NA,NA,NA,NA
"362","MMHO",105,76,-5.40843404292461,0.653980445790609,"None","None",0.674,0.257142857142857
"363","MMMX",73,55,0.296361954144118,2.34803767055593,"Rain","Rain",1,0.9
"364","MMMY",NA,NA,NA,NA,NA,NA,NA,NA
"365","MMPR",87,75,1.94494527688026,0.693237473617145,"None","Rain",0.57,0.95
"366","MMSD",95,75,-2.74051290298657,0.993171017864029,"None","None",0.538,0.85
"367","MMTJ",73,59,5.40926536255712,3.35502835383602,"None","Rain",0.56,0.85
"368","MMUN",89,78,-2.434147763575,-2.71409353733016,"None","Rain",0.658,0.9
"369","MPTO",93,77,-6.84120430991641,-1.9943754068086,"Rain-Thunderstorm","Rain",0.646,0.95
"370","MUHA",89,71,1.30993068901714,-0.288577973957516,"Fog","None",0.43,0.95
"371","MUVR",89,71,-0.860849405443716,0.782729803041931,"None","None",0.482,0.85
"372","MWCR",90,80,-0.94487882162457,-0.431131638430159,"Thunderstorm","Rain",0.528,0.9
"373","MYNN",91,76,1.30000161653652,3.23331696200336,"Rain-Thunderstorm","Rain",0.662,0.9
"374","MZBZ",88,80,-1.465243581579,-3.21773916736008,"None","Rain",0.384,0.842857142857143
"375","NCRG",82,71,-4.63891769153382,-4.26437052135563,"None","None",0.624,0.75
"376","NZAA",NA,NA,NA,NA,NA,NA,NA,NA
"377","NZCH",46,24,6.42798425600657,9.65169048605659,"None","Rain",0.596,0.8
"378","NZWN",48,44,4.73311522715045,-0.207538729955481,"Rain","Rain",0.502,0.85
"379","OBBI",101,89,1.48961923496529,0.764129130988522,"None","None",0.81,0.9
"380","OEDF",111,91,0.639978823056111,-3.96045251658424,"None","None",0.608,0.7
"381","OEDR",114,89,-1.48020744225057,-3.66533846345624,"None","None",0.942,0.95
"382","OEJN",96,81,4.99970369665004,2.04082560013605,"None","None",0.712,0.85
"383","OEMA",NA,NA,NA,NA,NA,NA,NA,NA
"384","OERK",NA,NA,NA,NA,NA,NA,NA,NA
"385","OIIE",NA,NA,NA,NA,NA,NA,NA,NA
"386","OIII",104,82,-3.64613256594521,-4.54299059678924,"None","Rain",0.53,0.9
"387","OIMM",NA,NA,NA,NA,NA,NA,NA,NA
"388","OISS",100,72,3.20510989734898,-5.03895059343924,"None","None",0.54,0.735714285714286
"389","OITT",101,71,-5.77957886508597,0.00644733345795601,"None","TStorm",0.462,0.75
"390","OJAI",NA,NA,NA,NA,NA,NA,NA,NA
"391","OKBK",NA,NA,NA,NA,NA,NA,NA,NA
"392","OLBA",NA,NA,NA,NA,NA,NA,NA,NA
"393","OMAA",NA,NA,NA,NA,NA,NA,NA,NA
"394","OMDB",NA,NA,NA,NA,NA,NA,NA,NA
"395","OMDW",105,84,-4.86486793032975,-4.24499396873418,"None","None",0.522,0.107142857142857
"396","OMSJ",103,87,6.7854616368549,0.586708290350117,"None","None",0.57,0.9
"397","OOMS",NA,NA,NA,NA,NA,NA,NA,NA
"398","OPRN",NA,NA,NA,NA,NA,NA,NA,NA
"399","OPST",NA,NA,NA,NA,NA,NA,NA,NA
"400","ORBI",NA,NA,NA,NA,NA,NA,NA,NA
"401","ORMM",NA,NA,NA,NA,NA,NA,NA,NA
"402","OSAP",NA,NA,NA,NA,NA,NA,NA,NA
"403","OSDI",NA,NA,NA,NA,NA,NA,NA,NA
"404","OSLK",NA,NA,NA,NA,NA,NA,NA,NA
"405","PAFA",75,56,-0.637582757178322,-1.36588028361584,"Rain","Rain",0.532,0.9
"406","PANC",73,53,-7.8348441429156,-2.14721382402151,"Rain","None",0.508,0.85
"407","PGUM",86,75,2.07762952027826,3.01731308539627,"None","Rain",0.594,0.9
"408","PHNL",NA,NA,NA,NA,NA,NA,NA,NA
"409","PR20",NA,NA,NA,NA,NA,NA,NA,NA
"410","RCBS",NA,NA,NA,NA,NA,NA,NA,NA
"411","RCKH",87,80,3.38865846133783,0.243366360023401,"Rain","None",0.652,0.95
"412","RCTP",89,78,3.95943507920553,1.07214056475203,"None","None",0.576,0.85
"413","RJAA",86,66,1.46126674810597,6.2021588267686,"Fog","Rain",0.556,0.9
"414","RJBB",82,73,3.28900359963184,2.8673363627732,"None","None",0.624,0.95
"415","RJCC",84,57,-10.1967711793376,5.25098444739129,"Fog","None",0.51,0.75
"416","RJFF",NA,NA,NA,NA,NA,NA,NA,NA
"417","RJFK",NA,NA,NA,NA,NA,NA,NA,NA
"418","RJGG",84,71,1.8688692181659,5.22972655764814,"None","Rain",0.746,0.5
"419","rjns",NA,NA,NA,NA,NA,NA,NA,NA
"420","RJOO",NA,NA,NA,NA,NA,NA,NA,NA
"421","RJTT",84,71,1.81320944508242,4.58595744526083,"None","None",0.512,0.9
"422","RJTY",89,68,-2.83714848891015,4.94288444747403,"None","Rain",0.998,0.821428571428571
"423","RKJB",NA,NA,NA,NA,NA,NA,NA,NA
"424","RKJK",89,75,-8.37467106113903,-1.12226940991432,"Fog-Rain-Thunderstorm","Rain",0.948,0.921428571428571
"425","RKPC",78,71,5.94562456410745,3.34875287870392,"Rain","None",0.668,0.85
"426","RKPK",86,73,-3.14581836908039,0.612859157787824,"Rain","None",0.782,0.9
"427","RKSI",89,77,-9.12222928159038,-6.05335074836334,"Rain","Rain",0.596,0.6
"428","RKSO",93,73,-12.3227435532401,-2.44864716216398,"Rain","Rain",0.522,0.85
"429","RKSS",93,75,-10.8399132358883,-2.90980922597912,"Rain","None",0.516,0.9
"430","RKTU",93,71,-9.45552050694847,1.32325072989777,"Rain","None",0.542,0.85
"431","ROAH",NA,NA,NA,NA,NA,NA,NA,NA
"432","RODN",84,79,3.72678335495559,0.703686845640277,"Rain","Rain",0.53,0.85
"433","RPLC",NA,NA,NA,NA,NA,NA,NA,NA
"434","RPLL",NA,NA,NA,NA,NA,NA,NA,NA
"435","RPMD",NA,NA,NA,NA,NA,NA,NA,NA
"436","RPVM",NA,NA,NA,NA,NA,NA,NA,NA
"437","SAEZ",NA,NA,NA,NA,NA,NA,NA,NA
"438","SBBE",NA,NA,NA,NA,NA,NA,NA,NA
"439","SBBR",81,58,-3.18817484471316,-2.67356782834131,"None","None",0.63,0.9
"440","SBCF",NA,NA,NA,NA,NA,NA,NA,NA
"441","SBCT",68,55,-3.37345273213965,-6.31483786584324,"Rain","None",0.436,0.8
"442","SBFL",NA,NA,NA,NA,NA,NA,NA,NA
"443","SBGL",NA,NA,NA,NA,NA,NA,NA,NA
"444","SBGR",66,57,4.4420896081552,-4.52544411804099,"Rain","None",0.57,0.95
"445","SBSP",64,60,6.01204823130352,-3.98300508332616,"Rain","None",0.696,0.792857142857143
"446","SBSV",NA,NA,NA,NA,NA,NA,NA,NA
"447","SCEL",NA,NA,NA,NA,NA,NA,NA,NA
"448","SELT",65,45,-0.0629151631136864,0.512317232363365,"Rain","Rain",0.558,0.764285714285714
"449","SEQM",75,53,6.24316684996987,-2.90375024323959,"Fog","None",0.834,0.107142857142857
"450","SKBO",NA,NA,NA,NA,NA,NA,NA,NA
"451","SPIM",NA,NA,NA,NA,NA,NA,NA,NA
"452","SPZO",NA,NA,NA,NA,NA,NA,NA,NA
"453","SUMU",NA,NA,NA,NA,NA,NA,NA,NA
"454","TJSJ",NA,NA,NA,NA,NA,NA,NA,NA
"455","TNCM",86,79,1.112418042972,-0.0806172454190488,"Rain","Rain",0.69,0.95
"456","UAAA",80,60,8.10176042808203,2.63734384601906,"None","None",0.446,0.85
"457","UACC",81,50,-0.67493877409386,7.5284929594482,"Rain","None",0.488,0.9
"458","UAFM",NA,NA,NA,NA,NA,NA,NA,NA
"459","UAKK",NA,NA,NA,NA,NA,NA,NA,NA
"460","UBBB",88,75,0.904176507820097,-1.82499141525619,"None","None",0.548,0.85
"461","UDYZ",96,71,-1.20726584928457,-1.97325987026618,"None","None",0.522,0.55
"462","UGTB",NA,NA,NA,NA,NA,NA,NA,NA
"463","UKBB",64,51,18.3375638953282,9.0763598350043,"Rain","None",0.534,0.95
"464","UKCC",NA,NA,NA,NA,NA,NA,NA,NA
"465","UKFF",75,62,10.8092713662701,0.536531423403432,"None","None",0.458,0.6
"466","UKHH",68,57,17.8452698114248,7.7350760143519,"Rain","None",0.75,0.535714285714286
"467","UKOO",NA,NA,NA,NA,NA,NA,NA,NA
"468","ULLI",59,54,18.9825635556688,5.76213801289507,"Fog-Rain","None",0.576,0.95
"469","UMMS",64,50,13.9724566312532,7.42972438248307,"Rain","None",0.492,0.95
"470","UNKL",62,46,13.2491687265527,7.63930074302726,"Fog-Rain","None",0.42,0.65
"471","URSS",NA,NA,NA,NA,NA,NA,NA,NA
"472","USSS",75,55,-1.15299554069455,1.61671544989234,"Fog-Rain-Thunderstorm","None",0.548,0.6
"473","UTTT",99,63,-0.0290043245404092,6.19327675122928,"None","Rain",0.556,0.807142857142857
"474","UUBW",NA,NA,NA,NA,NA,NA,NA,NA
"475","UUDD",NA,NA,NA,NA,NA,NA,NA,NA
"476","UUEE",66,53,15.0435350629911,8.02868183732085,"Rain","None",0.6,0.8
"477","UUWW",NA,NA,NA,NA,NA,NA,NA,NA
"478","UWUU",79,64,-0.284132985473988,-7.46632353098858,"Rain","None",0.564,0.55
"479","UWWW",77,64,7.11154876179292,-4.79900245869504,"Rain-Thunderstorm","None",0.738,0.65
"480","VABB",90,79,-5.19695491257677,-2.37225656239566,"Rain","None",0.51,0.85
"481","VAGO",NA,NA,NA,NA,NA,NA,NA,NA
"482","VCBI",NA,NA,NA,NA,NA,NA,NA,NA
"483","VCRI",NA,NA,NA,NA,NA,NA,NA,NA
"484","VDPP",96,80,-3.99367538765547,-3.17552092581489,"None","None",0.574,0.864285714285714
"485","VDSR",95,80,-5.00496908648404,-2.25957614335957,"None","None",0.584,0.45
"486","VECC",93,81,-0.160785545507693,-1.02144626120025,"Rain","Rain",0.648,0.85
"487","VHHH",94,82,-2.15632863243586,0.0585154335164049,"None","Rain",0.502,0.9
"488","VIAR",91,75,6.30960249866067,2.97168167929645,"Rain-Thunderstorm","Rain",0.498,0.892857142857143
"489","VIDP",78,75,16.7332889316384,6.13202071818905,"Rain-Thunderstorm","Rain",0.602,0.95
"490","VMMC",94,79,-5.56108844697816,1.15107777107522,"None","Rain",0.666,0.95
"491","VOBL",NA,NA,NA,NA,NA,NA,NA,NA
"492","VOCI",NA,NA,NA,NA,NA,NA,NA,NA
"493","VOCL",NA,NA,NA,NA,NA,NA,NA,NA
"494","VOHS",NA,NA,NA,NA,NA,NA,NA,NA
"495","VOMM",100,73,-5.08277279984196,4.66859991803534,"Rain-Thunderstorm","Rain",0.772,0.95
"496","VOTV",86,77,-0.596722288593838,-0.032441964031122,"None","None",0.628,0.885714285714286
"497","VRMM",86,76,0.606467896741677,2.93076696114724,"Rain-Thunderstorm","None",0.49,0.707142857142857
"498","VTBD",NA,NA,NA,NA,NA,NA,NA,NA
"499","VTBS",NA,NA,NA,NA,NA,NA,NA,NA
"500","VTCC",96,78,-4.24997409560275,-2.03848311561688,"None","Rain",0.568,0.885714285714286
"501","VVDN",93,80,1.72158319187798,-2.64602385371532,"None","Rain",0.404,0.8
"502","VVNB",NA,NA,NA,NA,NA,NA,NA,NA
"503","VVTS",NA,NA,NA,NA,NA,NA,NA,NA
"504","VYMD",NA,NA,NA,NA,NA,NA,NA,NA
"505","VYYY",NA,NA,NA,NA,NA,NA,NA,NA
"506","WAAA",93,72,-1.95264209630226,-0.609424802950414,"None","None",0.7,0.85
"507","WADD",NA,NA,NA,NA,NA,NA,NA,NA
"508","WARR",86,71,1.06750516851704,1.4960237137562,"None","None",0.658,0.5
"509","WBSB",92,73,-2.41839876981821,0.968874813748542,"None","None",0.506,0.764285714285714
"510","WIII",NA,NA,NA,NA,NA,NA,NA,NA
"511","WMKK",93,79,-1.8182676972921,-3.49630962584381,"Rain","Rain",0.444,0.8
"512","WSSS",NA,NA,NA,NA,NA,NA,NA,NA
"513","YBBN",68,49,1.07202946743732,-0.087103420937872,"Fog-Rain","None",0.566,0.85
"514","YMML",NA,NA,NA,NA,NA,NA,NA,NA
"515","YPPH",NA,NA,NA,NA,NA,NA,NA,NA
"516","YSCB",NA,NA,NA,NA,NA,NA,NA,NA
"517","YSSY",68,43,-3.92027598620456,4.7344822020452,"Fog-Rain-Thunderstorm","None",0.502,0.9
"518","ZBAA",NA,NA,NA,NA,NA,NA,NA,NA
"519","ZBTJ",NA,NA,NA,NA,NA,NA,NA,NA
"520","ZBYN",91,64,-5.70183550386483,2.20552031450842,"None","None",0.624,0.85
"521","ZGGG",NA,NA,NA,NA,NA,NA,NA,NA
"522","ZGHA",NA,NA,NA,NA,NA,NA,NA,NA
"523","ZGKL",NA,NA,NA,NA,NA,NA,NA,NA
"524","ZGNN",93,75,-1.29100102769712,2.43821185084619,"None","Rain",0.504,0.8
"525","ZGSZ",NA,NA,NA,NA,NA,NA,NA,NA
"526","ZHCC",NA,NA,NA,NA,NA,NA,NA,NA
"527","ZHHH",92,75,-2.06767005223342,1.85591060775243,"None","Rain",0.884,0.7
"528","ZJHK",95,71,-4.00771145626747,4.39768576914666,"None","Rain",0.376,0.5
"529","ZJSY",86,74,1.71533834108902,0.796574812995686,"None","Rain",0.636,0.55
"530","ZLXY",93,69,-3.72213342020832,0.612390859249714,"None","None",0.574,0.9
"531","ZPPP",81,55,-3.83856756376832,8.09850297506521,"None","None",0.486,0.8
"532","ZSAM",NA,NA,NA,NA,NA,NA,NA,NA
"533","ZSFZ",91,80,3.86315145381708,-2.25177580052159,"Rain","Rain",0.444,0.55
"534","ZSHC",77,74,19.5024883309507,7.25397014612561,"Rain","Rain",0.42,0.9
"535","ZSJN",NA,NA,NA,NA,NA,NA,NA,NA
"536","ZSNB",NA,NA,NA,NA,NA,NA,NA,NA
"537","ZSNJ",NA,NA,NA,NA,NA,NA,NA,NA
"538","ZSPD",75,73,13.2794801204109,4.89682099750823,"Rain","None",0.534,0.7
"539","ZSSS",NA,NA,NA,NA,NA,NA,NA,NA
"540","ZSWZ",NA,NA,NA,NA,NA,NA,NA,NA
"541","ZUCK",NA,NA,NA,NA,NA,NA,NA,NA
"542","ZUGY",84,62,1.0293834336003,6.29918436643187,"None","None",0.526,0.507142857142857
"543","ZUUU",NA,NA,NA,NA,NA,NA,NA,NA
"544","ZWWW",77,62,11.8084955566552,8.48079001886744,"Rain","Rain",0.526,0.85
"545","ZYHB",NA,NA,NA,NA,NA,NA,NA,NA
"546","ZYTL",86,71,-4.4435201491636,-1.19087139358751,"Fog-Rain","Rain",0.498,0.85
"547","ZYTX",89,69,-6.27878373399896,-1.91946558128463,"None","None",0.488,0.9
